R2'JT	R*
R5	R*
R7	R*
R8	R*
R12'21	R*
R14	R*
R23	R*
R30	R*
R31	R*
R32	R*
N	N*
M	M*
R	R*
M8	M8*
D	D*
M9	M9*
R9	R9*
F	F*
G	G*
HV	HV*
R0	R0*
M12'G	M*
M14	M*
M15	M*
M17	M*
M19'53	M*
M22	M*
M25	M*
M26	M*
M27	M*
M29'Q	M*
M31	M*
M34'57	M*
M35	M*
M36	M*
M39'70	M*
M4'67	M*
M40	M*
M44	M*
M47	M*
M48	M*
M49	M*
M50	M*
M52	M*
M55'77	M*
M58	M*
M59	M*
M6	M*
M60	M*
M69	M*
M72	M*
M73'79	M*
M76	M*
M80'D	M*
M81	M*
M91	M*
N11	N*
N13	N*
N14	N*
N2	N*
N22	N*
N3	N*
N7	N*
N8	N*
R1	R*
R6	R*
N9  N9*
R_T16189C	R*
U	U*
L3	L3*
L3'4	L3*


